question_text,source_url,category,type
I consistently evaluate the reliability of sources when solving problems.,generated_by_templates,analytical,generated
I can effectively develop comparative frameworks to identify improvement opportunities.,generated_by_templates,analytical,generated
"When data shows correlation between variables, I typically perform additional analysis.",generated_by_templates,analytical,generated
"When data shows cyclical patterns, I typically consult subject matter experts.",generated_by_templates,analytical,generated
My approach to interdependent problems involves breaking the problem into components.,generated_by_templates,analytical,generated
My approach to time-sensitive problems involves breaking the problem into components.,generated_by_templates,analytical,generated
"When presented with legacy assumptions, I evaluate different perspectives before developing predictive models.",generated_by_templates,analytical,generated
I routinely evaluate the reliability of sources when solving problems.,generated_by_templates,analytical,generated
I weigh multiple hypotheses before making recommendations.,generated_by_templates,analytical,generated
"When analyzing research findings, I spot anomalies systematically.",generated_by_templates,analytical,generated
"When data shows unexpected anomalies, I typically look for contextual factors.",generated_by_templates,analytical,generated
I am skilled at breaking down complex problems to find optimal solutions.,generated_by_templates,analytical,generated
I deliberately evaluate the reliability of sources when solving problems.,generated_by_templates,analytical,generated
"When analyzing project requirements, I spot anomalies efficiently.",generated_by_templates,analytical,generated
I validate multiple hypotheses before implementing solutions.,generated_by_templates,analytical,generated
My approach to data-intensive problems involves testing multiple hypotheses.,generated_by_templates,analytical,generated
My approach to resource allocation problems involves using both deductive and inductive reasoning.,generated_by_templates,analytical,generated
I am skilled at distinguishing facts from assumptions to find optimal solutions.,generated_by_templates,analytical,generated
I test multiple hypotheses before finalizing a course of action.,generated_by_templates,analytical,generated
"When presented with complex problems, I calculate probabilities before making decisions.",generated_by_templates,analytical,generated
I test multiple options before implementing solutions.,generated_by_templates,analytical,generated
"When analyzing project requirements, I spot anomalies with attention to detail.",generated_by_templates,analytical,generated
I am skilled at identifying connections to establish benchmarks.,generated_by_templates,analytical,generated
My logical reasoning helps me overcome confirmation bias.,generated_by_templates,analytical,generated
I can effectively develop comparative frameworks to make data-driven decisions.,generated_by_templates,analytical,generated
I can effectively develop comparative frameworks to predict future trends.,generated_by_templates,analytical,generated
I consistently seek disconfirming evidence when solving problems.,generated_by_templates,analytical,generated
"When data shows cyclical patterns, I typically consider alternative interpretations.",generated_by_templates,analytical,generated
"When analyzing project requirements, I identify patterns considering multiple perspectives.",generated_by_templates,analytical,generated
I am skilled at breaking down complex problems to identify improvement opportunities.,generated_by_templates,analytical,generated
"When data shows skewed distributions, I typically look for contextual factors.",generated_by_templates,analytical,generated
I compare multiple assumptions before finalizing a course of action.,generated_by_templates,analytical,generated
I can effectively implement structured evaluation methods to validate hypotheses.,generated_by_templates,analytical,generated
I compare multiple assumptions before committing resources.,generated_by_templates,analytical,generated
I assess multiple approaches before drawing conclusions.,generated_by_templates,analytical,generated
"When data shows cyclical patterns, I typically perform additional analysis.",generated_by_templates,analytical,generated
I methodically document my reasoning when solving problems.,generated_by_templates,analytical,generated
My logical reasoning helps me overcome information overload.,generated_by_templates,analytical,generated
My pattern recognition helps me overcome information overload.,generated_by_templates,analytical,generated
I can effectively conduct root cause analysis to optimize processes.,generated_by_templates,analytical,generated
I can visualize complex information to communicate key insights.,generated_by_templates,analytical,generated
I can organize complex information to highlight critical factors.,generated_by_templates,analytical,generated
"When analyzing performance metrics, I recognize relationships thoroughly.",generated_by_templates,analytical,generated
I am skilled at testing hypotheses to make informed decisions.,generated_by_templates,analytical,generated
I am skilled at breaking down complex problems to establish benchmarks.,generated_by_templates,analytical,generated
I am skilled at recognizing patterns to identify improvement opportunities.,generated_by_templates,analytical,generated
"When data shows skewed distributions, I typically perform additional analysis.",generated_by_templates,analytical,generated
"When presented with uncertain conditions, I prioritize critical information before establishing measurement criteria.",generated_by_templates,analytical,generated
"When analyzing process inefficiencies, I recognize relationships with attention to detail.",generated_by_templates,analytical,generated
"When data shows cyclical patterns, I typically look for contextual factors.",generated_by_templates,analytical,generated
